Metric,Data
Avg. PnL,-0.2649063813100539
Avg. PnL %,-0.00017006716789280045
Avg. Bars Held,1.0
