Metric,Data
HHI on + Returns,0.0004037023898990805
HHI on - Returns,0.0005227764202416865
Max. Drawdown %,-12.976160907070197
Max. Drawdown Duration (Bars),39839.0
