Metric,Data
Avg. PnL,-0.24969519706457566
Avg. PnL %,-0.0001880292199847071
Avg. Bars Held,1.0
