Metric,Data
HHI on + Returns,0.00010961265686862955
HHI on - Returns,0.00010330510569927686
Max. Drawdown %,-26.27030394490638
Max. Drawdown Duration (Bars),79948.0
