Metric,Data
Avg. PnL,6802.648216423295
Avg. PnL %,3.043368110847747
Avg. Bars Held,35.0
