Metric,Data
HHI on + Returns,0.009543714129014693
HHI on - Returns,0.02861592093633681
Max. Drawdown %,-39.62591816335508
Max. Drawdown Duration (Bars),2427.0
