Metric,Data
Avg. PnL,679.8371766515295
Avg. PnL %,3.042584742825416
Avg. Bars Held,35.0
