Metric,Data
Initial Capital,10000.0
Ending Capital,67786.16001538001
Net Profit,57786.16001538001
Net Profit %,5.778616001538001
Ratio Longs,0.7058823529411765
Transaction Costs,0.0
