Metric,Data
HHI on + Returns,0.00954627591425432
HHI on - Returns,0.028613330451487656
Max. Drawdown %,-39.62559684328902
Max. Drawdown Duration (Bars),2427.0
